i_type,incident_with,date,details,riding_on,terrain,direction,turning,age,sex,longitude,latitude,X,Y
Collision with moving object or vehicle,Another cyclist,2013-05-22T17:20:00,,Mixed use trail,Uphill,N,Heading straight,,,-123.139953,49.31377504,489827.9414,5462347.119
Fall,Roadway,2014-09-19T12:55:00,,"Quiet street, no bike facilities",Flat,W,Turning left,,,-123.1330705,49.29304307,490324.1198,5460041.42
Collision with moving object or vehicle,"Vehicle, side",2014-06-05T18:00:00,"I waited on the south east corner of  the light across Pacific until it changed. As I rode across in the crosswalk, a pickup truck turned left from Abbott onto Pacific and hit the rear tire of my bike.",Busy street bike lane,Flat,N,Heading straight,1955,M,-123.1076109,49.27716377,492172.8311,5458273.157
Collision with moving object or vehicle,"Vehicle, side",2007-11-08T20:00:00,I had right of way. Car attempted to cross 22nd  to continue on Lillooete in front of me. I t-boned the car. ,"Busy street, no bike facilities",Downhill,W,Heading straight,1983,F,-123.0391073,49.25057951,497153.9685,5455312.939
Fall,Curb,2010-08-03T14:00:00,"I was afraid to cycle on the road due to fast car drivers and cycled too close to the curb, and thus fell.",Busy street bike lane,Downhill,E,Heading straight,1979,M,-123.1975079,49.25817047,485628.5935,5456174.866
Collision with moving object or vehicle,"Vehicle, side",2013-07-31T20:00:00,,"Quiet street, no bike facilities",Downhill,N,Heading straight,1987,M,-123.1054974,49.23731704,492320.3844,5453843.171
Collision with moving object or vehicle,Another cyclist,2014-06-16T18:00:00,Riding close to the right edge of the path I came around a blind corner and encountered 4 bikes riding abreast. I was unable to stop and hit the cyclist closest to my side.,Cycle track,Downhill,N,Heading straight,1955,M,-123.145532,49.29525765,489418.4848,5460289.287
Collision with moving object or vehicle,"Vehicle, angle",2014-10-16T17:45:00,Car stopped at stop sign entered intersection as cyclist proceeding through intersection with right of way.,"Quiet street, no bike facilities",Flat,W,Heading straight,1969,M,-123.0731016,49.22714101,494677.5176,5452709.119
Fall,Pedestrian,2014-10-12T15:05:00,"Dog walkers were on cycle path, with dogs on leashes.  Hearing my bell, the dogs went opposite directions than their owners did.  I had to crash to avoid injuring the walkers or the dogs.",Cycle track,Flat,W,Heading straight,1961,M,-123.0351698,49.28823923,497442.4659,5459499.446
Collision with moving object or vehicle,"Vehicle, rear end",2010-06-21T14:05:00,A woman driving a car decided she no longer wanted to turn right; she reversed in order to clear a concrete barrier so that she could turn left. I was behind her. I tried to get out of her way but she backed into me. ,"Quiet street, no bike facilities",Flat,E,Heading straight,1984,F,-123.247987,49.2692327,481959.5772,5457415.479
Collision with moving object or vehicle,"Vehicle, angle",2014-07-02T15:00:00,"car  tried to cut accross bike path turning right onto chestnut street. then slammed on their brakes in the middle of the bike path, forcing myself and other riders to crash, near miss, or brake and swerve suddenly.",Busy street bike lane,Flat,W,Heading straight,1988,M,-123.1463367,49.27254388,489355.0902,5457764.294
Collision with moving object or vehicle,"Vehicle, side",2013-11-19T18:20:00,,"Busy street, no bike facilities",Flat,W,Turning left,1970,M,-123.0639124,49.25950787,495349.6211,5456306.736
Collision with moving object or vehicle,"Vehicle, angle",2014-08-20T07:45:00,,,,,,,,-123.0802792,49.22168607,494154.2785,5452103.227
Collision with stationary object or vehicle,"Vehicle, open door",2014-06-12T17:30:00,,,,,,,,-123.1211185,49.26529819,491188.2316,5456955.542
Collision with moving object or vehicle,"Vehicle, rear end",2013-03-27T17:30:00,Car stopped abruptly in bike lane with no signal or obvious reason. I hit the back of the car and sustained a broken wrist and bruising to face/shin,Busy street bike lane,Flat,W,Heading straight,1978,M,-123.1188226,49.27461238,491356.8982,5457990.74
Collision with stationary object or vehicle,"Vehicle, open door",2013-08-08T19:00:00,,"Busy street, no bike facilities",Flat,W,Heading straight,1980,F,-123.1220895,49.26238911,491117.069,5456632.253
Collision with moving object or vehicle,"Vehicle, angle",2014-10-31T17:35:00,I went straight through an intersection and the driver turned left in front of me,"Busy street, no bike facilities",Flat,E,Heading straight,1985,Other,-123.101635,49.27299889,492606.875,5457809.543
Collision with moving object or vehicle,"Vehicle, head on",2014-10-17T16:20:00,Travelling east down 9th avenue. Passing through a green light at Alma and Broadway.  Car facing west turned south as I passed through the intersection striking me with the front of the car against the side of my bike knocking me to the ground.,Busy street bike lane,Flat,E,Heading straight,,M,-123.1857894,49.26440805,486482.9719,5456866.137
Collision with moving object or vehicle,"Vehicle, angle",2014-06-18T16:00:00,"Vehicle was turning left through the intersection, I was heading straight through on a bike and the vehicle suddenly stopped causing me to collide with the back/side and fall over in the intersection. I was cut and bruised but otherwise not injured, although my helmet struck the pavement.",Busy street bike lane,Flat,N,Heading straight,1988,F,-123.1478065,49.27250888,489248.1619,5457760.612
Collision with moving object or vehicle,"Vehicle, side",2014-08-08T08:00:00,"Driver was pointed NW on the road.  I was going straight through the intersection, they were turning right.  They did not see me coming up beside them in the bike lane and thus proceeded to turn right when I was beside them.  I struck the rear passenger door as they turned.",Busy street bike lane,Downhill,NW,Heading straight,1983,M,-123.0695397,49.26369548,494940.5987,5456772.635
Collision with moving object or vehicle,"Vehicle, side",2014-09-22T17:00:00,"I was going around a roundabout and a car hit me on the side and push me to the ground. I had a few injuries, cuts, scrapes and a strained wrist. The driver of the vehicle alleged she couldn't see me but there were no obstacles to the line of sight. I had five sessions of physiotherapy to recover.","Quiet street, no bike facilities",Flat,W,Heading straight,2002,F,-123.1202388,49.25349279,491250.1506,5455643.03
Collision with moving object or vehicle,"Vehicle, side",2013-11-06T13:05:00,,,,,,,,-123.2410669,49.25423508,482457.6811,5455746.563
Fall,Another cyclist,2015-02-17T18:15:00,About 6 bikes all travelling at different speeds.   Was being overtaken while travelling ~25km/h while on the right side of the path and about to overtake a slower biker.  Hit both brakes to avoid a collision and flew over the handlebars onto the pavement.  Injury:Minor cracked radial head fracture.,Busy street bike lane,Downhill,SW,Heading straight,,,-123.1329685,49.27679979,490328.3545,5458235.629
Collision with moving object or vehicle,"Vehicle, side",2015-02-17T06:55:00,Riding straight through intersection. East and west bound traffic had a red light a SUV came to a rolling stop and then continued to turn right on the red light which is where they hit my back wheel. I fell from my bike.,Busy street bike lane,Flat,N,Heading straight,,,-123.1049448,49.24886368,492362.3868,5455126.754
Collision with moving object or vehicle,"Vehicle, side",2015-02-21T15:45:00,"While cycling south on Cambie St. just before Smithe St., a car suddenly veered right out of the left turn lane from a line of cars and hit me. My left leg was significantly scraped up below the knee and I had a big bruise above the knee.","Busy street, no bike facilities",Flat,S,Heading straight,,M,-123.1162047,49.27746475,491547.8058,5458307.542
Collision with moving object or vehicle,"Vehicle, side",2014-10-15T17:10:00,"Cyclist was crossing road on crosswalk (allowed as per sign at side of road). A car traveling uphill stopped to allow cyclist to cross. Cyclist started across and a car in opposite lane (downhill), failed to stop in time and hit the cyclist before coming to a full stop. Cyclist was knocked down.","Busy street, no bike facilities",Downhill,E,Heading straight,1970,M,-123.0282927,49.28793482,497942.5588,5459465.395
Collision with moving object or vehicle,"Vehicle, angle",2015-03-18T18:20:00,"Riding withing the bike lane on the Quebec street, driver in a large F350 passed by me and made a right turn to the McDonalds parking without noticing me as I just passed by. He basically cut me off, I swerved and the front right bumper hit my back wheel. I managed to stay on the bike. ",Busy street bike lane,Flat,N,Heading straight,1984,M,-123.1016994,49.27220087,492602.0731,5457720.834
Collision with moving object or vehicle,"Vehicle, angle",2015-04-27T08:30:00,Car turning left onto burrard bridge did not see me even though the car beside him had stopped as I had the right of way through the intersection. ,"Busy street, no bike facilities",Flat,NE,Heading straight,1987,F,-123.1323838,49.27690129,490370.9048,5458246.838
Collision with moving object or vehicle,"Vehicle, rear end",2015-05-20T15:30:00,,,,,,,,-123.115046,49.26308577,491629.653,5456708.896
Collision with moving object or vehicle,Pedestrian,2015-04-15T15:00:00,Man had just parked his vehicle and walked right into the bike lane without looking. ,Busy street bike lane,Flat,S,Heading straight,1970,M,-123.1287575,49.27806319,490634.8914,5458375.552
Collision with moving object or vehicle,"Vehicle, side",2010-11-30T18:30:00,,"Quiet street, no bike facilities",Downhill,W,Heading straight,1973,M,-123.1306887,49.26648838,490492.203,5457089.015
Collision with moving object or vehicle,"Vehicle, angle",2015-05-19T13:15:00,,Busy street bike lane,Flat,I don't know,Turning left,1995,F,-123.1313968,49.27625382,490442.5741,5458174.734
Collision with moving object or vehicle,"Vehicle, angle",2015-06-09T18:30:00,"Biked west on separated bike path. Car turning north onto Chestnut in front of the bike safely, and while bike shoulder checked, car slammed on its brakes to avoid a head-on collision with a car driving southbound (wrong way on a one-way street). Bike impact to right-rear of car.",Cycle track,Flat,W,Heading straight,1987,M,-123.1464332,49.27255088,489348.0677,5457765.086
Collision with stationary object or vehicle,"Vehicle, open door",2015-01-29T15:00:00,"Car was stopped at red light. I slowly cycled on the ""sharrows"" on the right side of car, about to turn right. Passenger suddenly flung open door and hit me. I fell onto the curb and broke my shoulder and arm.","Busy street, no bike facilities",Flat,N,Turning right,1950,F,-123.1012917,49.24332359,492627.4301,5454510.5
Collision with moving object or vehicle,"Vehicle, side",2014-12-17T09:00:00,"Heading down Yukon right beside city hall, which is quite steep.  A car pulled out of the lane between 11th and 10th, making a left turn across my lane. Parked cars were limiting visibility. I braked and tried to avoid her but she continued her turn and I hit the side of her car.",Busy street bike lane,Downhill,N,Heading straight,1982,M,-123.1129593,49.26177297,491781.2602,5456562.723
Collision with moving object or vehicle,"Vehicle, angle",2014-08-12T18:15:00,Oncoming car turn left across my path.  ,"Busy street, no bike facilities",Flat,E,Heading straight,1979,M,-123.0856383,49.25471827,493768.2037,5455775.839
Fall,Train Tracks,2015-03-10T16:00:00,"Turning left across two sets of curving train tracks to continue westbound on Kent, pavement imperceptibly dipped to the bottom of the railroad tie (instead of flush with it) immediately at the spot where I was crossing. Front wheel smashed into tie, went over handlebars and broke handlebar basket.","Quiet street, no bike facilities",Flat,W,,,,-123.0807781,49.20896957,494116.4415,5450689.579
Collision with moving object or vehicle,Pedestrian,2015-06-11T18:45:00,"I was riding up the hill, beside a row of parked cars. A driver was getting out of his car, and after he closed his door, he stepped out into the street without looking and stepped right into me. ","Quiet street, no bike facilities",Uphill,W,Heading straight,1976,F,-123.0531299,49.22938307,496131.821,5452957.155
Collision with stationary object or vehicle,"Vehicle, rear end",2013-07-10T14:00:00,There is a pedestrian crossing and the person waiting at the side of the road was shaded. The car in front of me stopped suddenly.  I wasn't prepared to stop so quickly and I rear ended them. I was thrown up onto their car and my teeth where smashed and my fingers numb.,"Busy street, no bike facilities",Uphill,SW,Heading straight,1984,M,-123.2498378,49.26493063,481823.3616,5456937.66
Collision with moving object or vehicle,"Vehicle, side",2015-05-28T08:00:00,Broad sided a pickup truck crossing my path. Driver was crossing street using laneway. ,"Quiet street, no bike facilities",Flat,N,Heading straight,1982,M,-123.1361866,49.26296642,490091.5185,5456698.184
Fall,Other,2014-06-29T20:30:00,Lost the control of my bike when looking at my phone,"Busy street, no bike facilities",Downhill,E,Turning left,1980,M,-123.1399047,49.27112633,489822.6743,5457605.819
Collision with moving object or vehicle,Other,2015-06-22T15:00:00,Witnessed the aftermath of a collision between a cyclist and a car. Ambulance and police were present. Cyclist looked shook up and was receiving attention from the paramedics. ,,,,,,,-123.1785607,49.23860947,487002.1221,5453996.841
Collision with moving object or vehicle,Another cyclist,2015-06-22T08:55:00,"i was stopped wtih another bike in the bike lane, talking at the red light, and another bike came up between us and hit us. seemed bizarre- perhaps they thought they had clearance to get through as the light changed? But this was not true. ",Busy street bike lane,Flat,S,Heading straight,1975,F,-123.1022358,49.27705878,492563.7809,5458260.942
Collision with moving object or vehicle,"Vehicle, side",2015-06-26T07:50:00,i hit the rear end of a car that was turning left.  I had the right of way. The driver said he didn't see me. ,"Quiet street, no bike facilities",Downhill,S,Heading straight,1988,F,-123.0970323,49.27853915,492942.4726,5458425.017
Collision with moving object or vehicle,"Vehicle, side",2014-02-10T08:20:00,"car when through stop sign and through the round about, hitting me.  A case of driver not paying attention, despite yellow jacket, lights and, as I realized he was going through the round-about, my bell. ",Quiet street bike lane,Downhill,E,Heading straight,1973,F,-123.0530119,49.25821249,496142.6596,5456162.114
Collision with moving object or vehicle,"Vehicle, rear end",2010-05-15T00:05:00,,,,,,,,-123.1311607,49.27771672,490460.0248,5458337.335
Collision with moving object or vehicle,Another cyclist,2015-06-18T07:40:00,"Two cyclists riding very slowly and weaving up incline, I pulled left to pass and as soon as I a was about to pass, the two cyclists locked handlebars and one fell in front of me and I fell on top of him, as his open beer can flew the ground and his buddy's beer can flew in the other direction.",Cycle track,Uphill,N,Heading straight,1958,M,-123.102504,49.27425189,492543.8485,5457948.925
Collision with moving object or vehicle,"Vehicle, side",2014-09-06T14:10:00,Car stationary along curb suddenly turned wheels to the left and pulled forward to do a U-Turn. I hit the front left panel in front of the front door.  ,"Quiet street, no bike facilities",Flat,S,Heading straight,1982,M,-123.2433468,49.26571826,482295.8838,5457023.681
Collision with moving object or vehicle,"Vehicle, angle",2015-07-17T23:30:00,,,,,,,,-123.0977297,49.21733781,492882.9585,5451621.328
Collision with stationary object or vehicle,"Vehicle, open door",2015-08-20T18:15:00,"Nearly was doored. This stretch if road is too narrow for parked cara, bikes, and other cars to safely share. Even cycling a metre from the parking lane I was still nearly dinged.","Busy street, no bike facilities",Downhill,W,Heading straight,1986,M,-123.0409102,49.24454812,497022.3988,5454642.499
Collision with moving object or vehicle,"Vehicle, side",2015-08-25T06:20:00,"Cyclist (myself) heading E on shared bike/ped lane approaching intersection with green light.Driver making left hand-turn on 6th Ave (heading N, after facing E)Light sufficient, but early morning and shadow under the overpass may have hindered visibility . (claimed by driver, who apologised)",Mixed use trail,Flat,E,Heading straight,1987,M,-123.114633,49.26688743,491660.3465,5457131.483
Collision with moving object or vehicle,"Vehicle, angle",2015-07-04T11:15:00,"I was in left lane of (1 way) Stanley Park Dr. Near the Totem Poles, a GMC pickup in the right lane saw a parking lot on the left, turned left in front of me.  I braked, went over handlebars, hit ground and his left front tire. Broke my neck & eye socket;  concussion. ER & hospital 4 days.  ",,,,,1946,M,-123.1288004,49.29665352,490635.2915,5460442.258
Collision with moving object or vehicle,"Vehicle, rear end",2015-06-17T09:30:00,"I entered the intersection.  A southbound red Range Rover came speeding up the hill on Ontario  and entered the intersection. I hit the brakes but hit the back of the SUV. After going back, there was foliage which may have blocked their view to 10th from Ontario. They were also going too fast. ","Quiet street, no bike facilities",Downhill,W,Heading straight,1973,F,-123.1049609,49.26220357,492363.2738,5456609.754
Collision with moving object or vehicle,"Vehicle, angle",2013-10-17T20:10:00,,Busy street bike lane,Downhill,S,Heading straight,1983,F,-123.1323355,49.27702728,490374.441,5458260.838
Collision with moving object or vehicle,"Vehicle, side",2015-06-23T08:30:00,,,,,,,,-123.1029278,49.27017077,492512.4044,5457495.267
Collision with moving object or vehicle,"Vehicle, head on",2015-10-05T15:40:00,A family van took making a turn onto 43rd from Collingwood drove the wrong way around the round-about to make a left turn. I was biking with my daughters on the way home from school.,,,,,,,-123.1820208,49.23287557,486748.7229,5453360.005
Collision with moving object or vehicle,"Vehicle, side",2015-10-26T09:20:00,"I was headed southbound on Ontario on my bicycle. There were vehicles stopped at the stop signs in both directions on 59th. As I went through the intersection, the driver of the van heading westbound started moving through the intersection. I braked but still hit the side of the van.",Quiet street bike lane,Downhill,S,Heading straight,1969,M,-123.1062376,49.21681571,492263.2951,5451564.122
Collision with stationary object or vehicle,Sign/Post,2015-06-13T16:50:00,The bike hit the post that acts as a barrier to prevent cars from turning west from Clark onto Adanac. ,Quiet street bike lane,Flat,W,Heading straight,1954,M,-123.0772537,49.27766773,494380.9467,5458326.482
Fall,Other,2015-10-07T19:00:00,"There's a jog along the Adanac bike route - it's a recent improvement that has a bike pump and a bench. I took the curve a bit too quickly, my tire slipped off the track, and I fell.",Quiet street bike lane,Downhill,E,Heading straight,1989,M,-123.0874354,49.27739825,493640.3479,5458297.331
Fall,Roadway,2015-11-05T08:00:00,"A child crossed the road, and then quickly doubled back and ran into my path. I swerved, hit some slippery leaves, and fell (knocking myself out). ",Quiet street bike lane,Downhill,N,Heading straight,1983,F,-123.0836749,49.2548023,493911.0867,5455785.021
Collision with stationary object or vehicle,"Vehicle, open door",2015-11-06T17:40:00,"Car drive opened the door, apologized profusely after admitting that they hadn't even thought to look for cyclists. Mild bruising to knee and hand.","Quiet street, no bike facilities",Flat,W,Heading straight,1988,F,-123.1251258,49.27844466,490899.1121,5458417.516
Collision with moving object or vehicle,"Vehicle, rear end",2014-12-17T01:30:00,"Stopped at a stoplight,  light turned green and was rear ended by a car while pedaling into intersection.  Late at night with poor visibility (rain).  Was wearing dark cloths and had a faint rear light.","Quiet street, no bike facilities",Uphill,NW,Turning left,1985,M,-123.1291276,49.2790256,490608.1518,5458482.589
Collision with moving object or vehicle,"Vehicle, side",2015-04-13T08:00:00,Was T-boned by a car who ran a stop sign while crossing a 4-way stop intersection.,"Busy street, no bike facilities",Downhill,N,Heading straight,1982,M,-123.1048268,49.26467158,492373.4118,5456884.11
Collision with moving object or vehicle,"Vehicle, side",2013-10-17T08:30:00,,,,,,,,-123.1314409,49.27626065,490439.3681,5458175.498
Collision with moving object or vehicle,"Vehicle, rear end",2015-11-27T19:00:00,Car right hooked me coming into the traffic circle.,Quiet street bike lane,Flat,E,Heading straight,1982,M,-123.1313217,49.26522118,490445.9065,5456948.22
Collision with moving object or vehicle,"Vehicle, head on",2013-11-07T08:30:00,car operator (traveling north) failed to stop at the stop sign (with red light in the opposite direction to make a left turn (west) across my path.,Mixed use trail,Flat,S,Heading straight,,,-123.079378,49.26518967,494224.9785,5456939.45
Collision with moving object or vehicle,"Vehicle, side",2016-01-16T10:00:00,Driver ran a red light,,,,,,,-123.1361175,49.26259566,490096.4714,5456656.958
Collision with moving object or vehicle,"Vehicle, rear end",2016-01-20T20:15:00,"Vehicle turned right across painted bike lane without checking mirrors, cut me off. I braked but still ended up colliding with their rear bumper.",Quiet street bike lane,Uphill,S,Heading straight,1974,M,-123.1174707,49.26544172,491453.646,5456971.079
Collision with moving object or vehicle,"Vehicle, head on",2016-02-15T09:15:00,"Parked cars on both side of the street. I was in the narrow section when a speeding Car2Go entered from the wider part. I slowed and moved as far right as I could (near the parked cars). Her driver's-side mirror hit my handlebar - scary! The driver stopped further down the street, but then left.",Quiet street bike lane,Uphill,W,Heading straight,1982,M,-123.1348032,49.24677309,490188.9595,5454897.789
Fall,Roadway,2016-01-04T09:00:00,"Conditions were otherwise okay, but black ice had collected at bottom of 7th ave before stop sign. Unavoidable fall. Should have been de-iced.","Quiet street, no bike facilities",Downhill,E,Heading straight,1988,F,-123.126615,49.26501674,490788.293,5456924.909
Collision with moving object or vehicle,"Vehicle, side",2003-08-01T00:00:00,Driver NB made a right turn in front of me as I was also heading NB on Cambie (right hook).  I didn't have time to stop but luckily turned a bit and was able to slow down somewhat such that hit the side of the driver's minivan with my shoulder.,"Busy street, no bike facilities",Downhill,N,Heading straight,1977,M,-123.1151426,49.25569163,491621.3761,5455886.899
Collision with moving object or vehicle,"Vehicle, side",2015-06-24T08:39:00,"Taxi drives vehicle purposefully into cyclist, road rage.","Quiet street, no bike facilities",Flat,E,Heading straight,,M,-123.1000632,49.26993626,492720.7583,5457468.916
Collision with moving object or vehicle,Pedestrian,2015-08-21T12:50:00,Witnessed an cyclist heading N hitting a pedestrian who ran across the bike lane from the hotel door to get into a cab. Pedestrian was texting at the same time and did not look when crossing. The other cyclist was surprised and did not slow down. The pedestrian was violently  thrown on the ground. ,Cycle track,Flat,S,Heading straight,1983,M,-123.1287199,49.2779652,490637.6041,5458364.654
Collision with moving object or vehicle,"Vehicle, side",2016-03-09T18:05:00,"Canucks night, Lots of PedestriansI was heading East on Dunsmuir in the bi-direction bike lanes.A westbound car turned North at the intersection right in front of me. I had no time to stop  and plowed into the side of the car. Driver was likely concentrating on the pedestrians not the bike lane",Busy street bike lane,Downhill,E,Heading straight,1960,Other,-123.1103683,49.2798725,491972.7155,5458574.577
Collision with moving object or vehicle,"Vehicle, side",2016-03-15T09:10:00,,,,,,,,-123.0529207,49.25819148,496149.2937,5456159.774
Collision with moving object or vehicle,"Vehicle, angle",2016-03-17T13:00:00,"Car brushed my left-rear pannier with their right front fender as I pulled up to turn right.I stopped to take a photo and saw more than one car pull into this bike lane while turning  right onto 6th. They were all swerving around left-turning cars waiting in the regular lane.",Busy street bike lane,Flat,N,Heading straight,1968,M,-123.1173903,49.26576727,491459.5564,5457007.261
Fall,Train Tracks,2016-03-04T18:30:00,"On 4 March at approximately 6:30 PM, I wiped out (crashed) on my bike on the spur line railway tracks at East Kent and Compton Street in Vancouver.  The major injury was a broken left clavicle (collar bone), which was serious enough to required surgery to install a clavicle plate to stabilize and su","Quiet street, no bike facilities",Flat,W,Turning right,1967,M,-123.080864,49.20896256,494110.1891,5450688.806
Fall,Train Tracks,2013-10-10T07:30:00,"While biking east along East Kent South at Compton, I slipped on the wet railway track (Spur line) and fell.  Luckily, no injury.",Quiet street bike lane,Flat,E,Turning left,1967,M,-123.0807352,49.20878032,494119.5448,5450668.537
Collision with moving object or vehicle,"Vehicle, side",2012-06-01T17:00:00,Car side swiped me as driver went for a parking spot.,Busy street bike lane,Downhill,E,Heading straight,1970,M,-123.1081527,49.28119181,492134.063,5458721.014
Collision with moving object or vehicle,"Vehicle, side",2015-08-05T16:15:00,Truck ran red light while I was crossing at marked crosswalk,Busy street bike lane,Flat,W,Heading straight,,M,-123.0968315,49.27759895,492956.9446,5458320.475
Collision with moving object or vehicle,Pedestrian,2016-02-05T08:30:00,"Pedestrian came out feom parkes cars and didn't look, walked into handlebar. Pedestrian did not fall/did not get injured.",Busy street bike lane,Uphill,W,Heading straight,,,-123.1247985,49.26242412,490919.9731,5456636.466
Collision with moving object or vehicle,"Vehicle, side",2010-05-05T08:25:00,A driver went through a roundabout without looking and ran into my front wheel. ,,,,,,,-123.1482035,49.2627882,489217.1673,5456680.017
Collision with moving object or vehicle,"Vehicle, angle",2015-12-17T06:20:00,Heading west on Georgia when a cargo van turned right on a red light and cut me off. Tried to stop but wet roads meant brake distance was longer. Collided with side of van but bike was okay. Took the impact with my side body and shoulder.,"Busy street, no bike facilities",Downhill,W,Heading straight,1991,F,-123.1282605,49.28906384,490673.1167,5459598.441
Collision with moving object or vehicle,Pedestrian,2016-05-16T14:30:00,"Person in bike lane, I swerved to avoid them and they turned in same direction as bike ",Cycle track,Flat,N,Heading straight,,M,-123.13586,49.29559,490121.7976,5460324.925
Fall,Other,2016-01-04T07:00:00,Skid on ice ,Quiet street bike lane,Flat,E,Turning right,,,-123.1296802,49.29319701,490570.667,5460058.104
Collision with moving object or vehicle,"Vehicle, side",2016-03-01T14:00:00,,,,,,,,-123.0689228,49.27758024,494986.8894,5458316.169
Collision with stationary object or vehicle,Curb,2016-05-20T06:05:00,Car Ran red light and made right turn around the corner with rear wheels tight to the curb.  I was tight to the curb entering the cycling path.  I had to choose between colliding with the curb or the car.  I chose to collide with the curb and was thrown sideways out of the way of the car. ,"Quiet street, no bike facilities",,,,1956,M,-123.1593132,49.27262088,488411.1623,5457774.764
Collision with moving object or vehicle,"Vehicle, side",2016-06-02T08:55:00,A driver was pulling out of an alley and did not look my way.,"Quiet street, no bike facilities",Flat,N,Heading straight,1990,M,-123.1338215,49.26218957,490263.4399,5456611.514
Collision with moving object or vehicle,"Vehicle, head on",2016-04-25T18:00:00,"Driver westbound heading into the sun, turned left into driveway across my path. No serious injuries, bike destroyed.","Quiet street, no bike facilities",Downhill,E,Heading straight,1975,M,-123.1244606,49.26226134,490944.5323,5456618.329
Fall,Train Tracks,2016-04-06T05:30:00,,,,,,,,-123.0807685,49.20888195,494117.1305,5450679.838
Fall,Roadway,2016-06-01T05:25:00,"Front wheel got caught in the diagonal tracks. It is difficult to cross theses tracks at 90 degrees and hard to see where it is level. Fell off bike- some scrapes and bruises,  and minor damage to bike, was going very slowly. ",Cycle track,Flat,W,Heading straight,,,-123.0810022,49.20878733,494100.0954,5450669.337
Collision with stationary object or vehicle,"Vehicle, open door",2016-06-06T17:00:00,Driver parked and opened door without thoroughly looking.,"Quiet street, no bike facilities",Uphill,E,Heading straight,,,-123.0903482,49.27754174,493428.4974,5458313.532
Fall,"Vehicle, side",2016-06-15T09:10:00,An SUV attempted to make an unsafe pass and swerved into me when a car turn into the lane the driver didn't - but should have - anticipated. When the driver swerved I took action to avoid a side collision and skidded out on the wet pavement. Just your classic run of the mill oblivious driver.,"Quiet street, no bike facilities",Flat,E,Heading straight,1986,M,-123.0627108,49.25028187,495436.2033,5455281.007
Fall,Curb,2016-06-19T11:40:00,It was slippery with leaves on the pathway and in making the hairpin turn down hill my tire spun out and I fell,Mixed use trail,Downhill,N,Heading straight,1976,F,-123.0278689,49.29018636,497973.469,5459715.689
Fall,Curb,2016-06-19T11:40:00,It was slippery with leaves on the pathway and in making the hairpin turn down hill my tire spun out and I fell,Mixed use trail,Downhill,N,Heading straight,1976,F,-123.0278689,49.29018636,497973.469,5459715.689
Fall,Train Tracks,2015-06-10T17:30:00,My friend David fell on spur railway tracks in front of PJ Hardwood.,Mixed use trail,Flat,W,Turning right,1970,M,-123.0808126,49.20884968,494113.9188,5450676.253
Collision with moving object or vehicle,"Vehicle, angle",2015-05-21T07:35:00,Car travelling eastbound did not see me cycling westbound and turned left into my path.,"Quiet street, no bike facilities",Flat,W,Heading straight,,,-123.0935991,49.27760473,493192.0556,5458320.823
Collision with moving object or vehicle,Pedestrian,2016-06-26T10:00:00,"Family walking in bike lane section of shared path and pedestrian side(Entire path). Despite repeated use of bell, did not move to pedestrian side, forcing myself to enter pedestrian side to collide with biker heading uphill, who was sheilded from my view by a combination of family blocking sight.",Mixed use trail,Downhill,NW,Heading straight,,M,-123.1477297,49.29136479,489257.8503,5459856.824
Collision with moving object or vehicle,Pedestrian,2015-12-16T08:10:00,"Car passenger jumped out of car, ran towards the sidewalk through 2 bike lanes, without looking in either direction. 1st cyclist veered in front to avoid her, the rest of the cyclists went behind her. Spooked by 1st bike, she ran backwards into me, caught my handlebars. I went flying into pavement.",Cycle track,Flat,E,Heading straight,,,-123.1161994,49.28356789,491549.2389,5458986.033
Fall,Train Tracks,2015-08-15T10:00:00,"A small boy (approx seven years old), cycling with his father, fell at the railway tracks.  He was shaken, but mostly unhurt.",Quiet street bike lane,Flat,W,Turning right,2003,M,-123.0808295,49.20884841,494112.6875,5450676.114
Collision with moving object or vehicle,"Vehicle, rear end",2016-07-08T10:00:00,"Aggressive driver was making swerves at me from behind, beside me.  Ends up in front of me at stopped red light.  Light turns green, car proceeds to go, but slam on their brakes in the middle of intersection to try and hit me.  I avoided him, but fell off my bike and scraped knee and leg.","Busy street, no bike facilities",Flat,NW,Heading straight,1976,M,-123.064356,49.2451914,495315.9917,5454715.2
Collision with moving object or vehicle,"Vehicle, side",2014-07-05T06:45:00,Vancouver Taxi (orange cabs) ran a red light at Adanac and Commercial and hit the side of the minivan. Rushed to Saint Paul's w/ multiple broken ribs and clavicle but was released. Broken pelvis and fractured hip were not discovered for another 3 weeks. Will never  ride again.,Busy street bike lane,Downhill,W,Heading straight,1953,M,-123.0661064,49.27743675,495191.721,5458300.034
Collision with moving object or vehicle,"Vehicle, rear end",2016-07-14T08:20:00,"Stationary waiting in bike box at light, Pick up truck tries to squeeze past me and other cyclist, clips my rear wheel ",,Flat,E,,,,-123.0441713,49.27747874,496787.1825,5458303.539
Collision with stationary object or vehicle,"Vehicle, open door",2016-06-13T18:00:00,,,,,,,,-123.2029796,49.26318204,485231.9475,5456733.057
Collision with moving object or vehicle,Another cyclist,2016-07-31T06:45:00,"I was biking west on Dunsmuir on a green light. Because I wanted to connect on to Hornby, I entered the turn box and changed the direction of my bike to face south. The cyclist behind me was going west and crashed into my bike.",,,,,1985,F,-123.1183934,49.28486261,491389.8993,5459130.215
Collision with moving object or vehicle,"Vehicle, angle",2016-08-05T11:15:00,"SUV travelling south on Pine didn't stop or even slow at the stop sign and we collided in the intersection. I didn't see her until I was already in the intersection and tried to stop/swerve but got clipped and bounced off the side of the vehicle. Dislocated shoulder, various other minor injuries.","Quiet street, no bike facilities",Flat,W,Heading straight,1983,M,-123.1435646,49.25898797,489553.8759,5456256.893
Collision with moving object or vehicle,"Vehicle, head on",2016-04-04T13:25:00,Car hit me while in roundabout. I was in first. Car didn't slow down until after they hit me. ,Quiet street bike lane,Flat,E,Heading straight,1991,M,-123.0833316,49.26153141,493936.8942,5456533.07
Collision with moving object or vehicle,"Vehicle, angle",2015-08-07T05:45:00,Car hit my side as I was exiting the round about (having gone straight through and having entered with no cars near the roundabout) and it was speeding and entering into the roundabout. Knocked me off my bike as it saw me.,Quiet street bike lane,Downhill,N,Heading straight,1994,F,-123.0734186,49.27143887,494659.2214,5457633.738
Collision with moving object or vehicle,Other,2016-08-24T15:15:00,"Deliberate hit and run by car driver,; my right of way.  Mazda CL910A approached from right and slowed to stop line.  When I was in front of the car it accelerated suddenly at me;  I tried to get out of the way.  It hit my rear wheel.  Car slowed enough for me to read plate, before speeding off","Quiet street, no bike facilities",Uphill,N,Heading straight,1952,M,-123.0619383,49.26590029,495493.8426,5457017.264
Collision with moving object or vehicle,"Vehicle, rear end",2016-08-10T09:00:00,"Vehicle was exiting the parking lot, went to turn to right and realized it was a one way street,  at that time I rode through the bike lane not anticipating what the driver was going to do next, he started backing up without looking in his mirrors or a his rear view camera, and backed into me.  I banged on his hood,  he stopped right before backing up over my bike.",Busy street bike lane,Flat,W,Heading straight,1983,F,-123.1133564,49.26220735,491752.4406,5456611.056
Collision with moving object or vehicle,"Vehicle, rear end",2016-08-10T09:00:00,"Vehicle was exiting the parking lot, went to turn to right and realized it was a one way street,  at that time I rode through the bike lane not anticipating what the driver was going to do next, he started backing up without looking in his mirrors or a his rear view camera, and backed into me.  I banged on his hood,  he stopped right before backing up over my bike.",Busy street bike lane,Flat,W,Heading straight,1983,F,-123.1133564,49.26220735,491752.4406,5456611.056
Collision with moving object or vehicle,"Vehicle, rear end",2016-08-10T09:00:00,"Vehicle was exiting the parking lot, went to turn to right and realized it was a one way street,  at that time I rode through the bike lane not anticipating what the driver was going to do next, he started backing up without looking in his mirrors or a his rear view camera, and backed into me.  I banged on his hood,  he stopped right before backing up over my bike.",Busy street bike lane,Flat,W,Heading straight,1983,F,-123.1133564,49.26220735,491752.4406,5456611.056
Collision with moving object or vehicle,"Vehicle, rear end",2016-08-10T09:00:00,"Vehicle was exiting the parking lot, went to turn to right and realized it was a one way street,  at that time I rode through the bike lane not anticipating what the driver was going to do next, he started backing up without looking in his mirrors or a his rear view camera, and backed into me.  I banged on his hood,  he stopped right before backing up over my bike.",Busy street bike lane,Flat,W,Heading straight,1983,F,-123.1133564,49.26220735,491752.4406,5456611.056
Collision with moving object or vehicle,"Vehicle, head on",2015-10-22T11:00:00,5 tonne Staples delivery truck turned right into a driveway with no warning.,Quiet street bike lane,Flat,W,Heading straight,,,-123.1901076,49.2714711,486170.7779,5457652.12
Collision with moving object or vehicle,"Vehicle, head on",2016-08-16T12:30:00,"Learner's driver who was driving alone, turned left into the alley without looking. Did not even realize I hit her at first.","Quiet street, no bike facilities",Downhill,N,Heading straight,,,-123.1199437,49.26141938,491273.0187,5456524.197
Collision with moving object or vehicle,Another cyclist,2016-09-13T21:05:00,Three males collided just past the intersection,,Flat,,,,,-123.1105372,49.27988737,491960.4278,5458576.249
Collision with stationary object or vehicle,Lane divider,2016-09-27T08:40:00,Trying to pass a slower cyclist on the left before entering the separated bike lane. The other cyclist veered to the left.  I tried to avoid the collision by moving to the left but there wasn't enough distance to stop or make it to the street. I hit the start of the cement lane separator.,Cycle track,Flat,W,Heading straight,1981,F,-123.1139141,49.26227709,491711.8701,5456618.87
Collision with moving object or vehicle,Animal,2016-09-28T09:10:00,There was a black squirrel chasing a grey squirrel. The grey squirrel darted near in front of me. I turned hard but felt an unfortunate soft bump and heard a sickening squeak as my front tire ran over the black squirrel. He climbed a tree and appeared unhurt but alarmed. Sorry squirrel buddy.,Quiet street bike lane,Uphill,W,Heading straight,1982,M,-123.087945,49.26157342,493601.2342,5456538.12
Collision with moving object or vehicle,Another cyclist,2016-09-28T16:00:00,going down to east on Dunsmuir bike lane  in fairly fast speed and tried to  make the green light at Main St intersection. A cyclist ahead of me suddenly turn left before I was entering the intersection and cut me off.  Braked to avoid him and slightly crashed and fell down.  A ambulance was called.,Cycle track,Downhill,E,Heading straight,1962,F,-123.1000096,49.27763273,492725.7925,5458324.532
Collision with moving object or vehicle,"Vehicle, angle",2016-10-01T03:55:00,"Crossing knight st on the green and  pedestrian lights, riding my bike slowly, making sure every car stop.  A pick up truck turning southbound from 37th street hit my rear bag, broke it (it felt in the middle of the street) and my bag rack got twisted.  The driver didn't stop. ","Busy street, no bike facilities",Flat,E,Heading straight,1979,F,-123.0769157,49.23683368,494400.911,5453786.927
Collision with moving object or vehicle,"Vehicle, side",2016-09-23T14:45:00,"Car driver claimed not to have seen me, the cyclist, riding on a bike lane. The car decided to abruptly turn right.",Busy street bike lane,Downhill,N,Heading straight,1989,M,-123.1128091,49.26572876,491792.8449,5457002.473
Fall,Roadway,2016-10-04T07:50:00,"I was in the right lane of the roundabout approach when a car overtook at the last minute and swerved in on me. I tried to guard the lane anyway but had to hit the brakes and evade, and the rear wheel slid on the wet roadway and I fell onto the road and suffered minor scratches.","Busy street, no bike facilities",Flat,W,Heading straight,1982,M,-123.2360847,49.25596036,482820.8319,5455937.218
Collision with moving object or vehicle,"Vehicle, rear end",2016-10-05T09:30:00,"I witnessed this incident.A cyclist hit the back right corner of a small SUV (rav4).  The car driver said she was not familiar with Vancouver and looking for parking. The cyclist said he saw the cars ahead moving and misjudged her speed. Both were shaken, but minimal damage or injury occured.",Quiet street bike lane,Downhill,N,Heading straight,1982,M,-123.1130397,49.25953938,491775.0345,5456314.423
Fall,Train Tracks,2016-09-17T12:20:00,It was wet and my front wheel slid into the rail tracks - nothing to have really prevented it other than me being more careful and sharpening the angle when crossing tracks,,,,,,,-123.1352699,49.27151922,490159.9135,5457648.883
Collision with moving object or vehicle,"Vehicle, head on",2014-10-31T17:00:00,"I was heading east down 16th, car was crossing 16th from N to S. They did not yield as I passed through the intersection and thought that they could beat me through it, which they technically did as I T-boned it and took the rear window of the SUV direct to the face. Was off work for ~5 months.","Busy street, no bike facilities",Downhill,E,Heading straight,1983,M,-123.2032156,49.25814246,485213.2689,5456172.853
Collision with moving object or vehicle,Another cyclist,2016-10-19T18:15:00,Was turning left but failed to put my arm up because I didn't see any other cyclist. The other cyclist was going quite fast and rode on my left as I was turning.,Quiet street bike lane,Flat,S,Turning left,,M,-123.1042501,49.27199568,492416.4899,5457698.275
Collision with moving object or vehicle,"Vehicle, angle",2016-10-25T16:05:00,,"Quiet street, no bike facilities",Flat,W,Heading straight,,,-123.1231999,49.26433202,491036.6285,5456848.377
Fall,"Vehicle, side",2016-07-09T16:30:00,I was on separated bike path at normal speed.  Driver Canada BorderServices agent turned suddenly right from 6th Ave onto Glen Dr in front of me.  Had to brake hard to avoid hitting her vehicle.  Went over handlebars and broke finger and elbow.,,,,,1970,M,-123.0813226,49.26526231,494083.5108,5456947.676
Collision with moving object or vehicle,"Vehicle, angle",2016-10-21T19:00:00,Was riding in bike lane.  Parallel car rode up to line and stopped at green light with right turn signal illuminated.   Appeared that car stopped for cyclists to proceed.  Proceeded through intersection.  Car moved to right and blocked my path .  I ended up on the ground falling to the left.,Cycle track,Flat,N,Heading straight,,,-123.1044164,49.27924432,492405.5059,5458504.128
Collision with stationary object or vehicle,Other,2016-11-01T17:45:00,"I was shoulder checking, to merge, where the bike lane ends, when I hit the edge of a large steel plate (covering utility work).  Luckily I fell from a recumbent bicycle (low) onto the slippery steel and only suffered minor bruising, but no road rash.","Busy street, no bike facilities",Flat,E,Heading straight,,,-123.1038022,49.27019177,492448.7985,5457497.689
Collision with stationary object or vehicle,Lane divider,2016-08-06T09:00:00,I was riding my bike southbound along Cornish Street. As I approached the intersection I rode to the left of the traffic diversion infrastructure hitting a curb like feature that juts out at 90 degrees to the flow of bike traffic. ,"Quiet street, no bike facilities",Flat,S,Heading straight,1963,M,-123.1421471,49.20854201,489646.4826,5450648.633
Fall,Another cyclist,2016-11-08T14:40:00,"A couple of bikers (one young male and one young female) riding on Stanley Park Seawall bike path but they occupy the whole width by one riding to the left and the other to the right. When this rider approached they still remained, one on the left and the other on the right. This rider fell between.",Cycle track,Flat,,Heading straight,,,-123.1248213,49.2978447,490924.816,5460574.197
Fall,Curb,2016-11-14T06:00:00,"Obstructions on bike lane at east end of 1st Ave prevented me from accessing it.  I was forced to use the road where there's  been excessive road works. My front tire slipped on the metal plates laid over the ditches dug there. There were no signs, tapes or cones to indicate or avoid the hazards ",Quiet street bike lane,Flat,NW,Turning left,1981,M,-123.0955732,49.2673915,493047.0335,5457185.592
Collision with moving object or vehicle,"Vehicle, side",2016-11-10T16:15:00,I was heading SE on Helmcken and there was a large charter bus parked just before the alleyway between Howe and Granville. A car was attempting to turn left and go NW on Helmcken from the alleyway. He did not see me and pulled out directly in front of me and I swerved and hit his driver side hood.,"Busy street, no bike facilities",Downhill,SE,Heading straight,1982,F,-123.1251365,49.27853915,490898.3491,5458428.022
Collision with moving object or vehicle,"Vehicle, side",2016-11-30T07:40:00,"Car didn't stop at stop sign while I was riding downhill. I had no stop sign or light. Car was traveling west. Hit passenger side of car, bounced onto hood and off the front of the car. No broken bones or fractures, just bruising. ","Quiet street, no bike facilities",Downhill,S,Heading straight,1991,M,-123.0740082,49.2145065,494610.1358,5451304.612
Collision with moving object or vehicle,"Vehicle, angle",2016-11-29T09:05:00,"I came to a complete stop, at the stop sign, so that I could push the crossing button.  I was in a space of about 4Õ, between the car and the curb.Within seconds of my stopping, I saw the front wheels of the car turn sharply to the right, then the car pulled into my side.",Quiet street bike lane,Flat,W,Heading straight,1963,M,-123.1410125,49.26269193,489740.3425,5456668.313
Fall,Roadway,2017-01-04T21:40:00,I fell off my bike and broke my shoulder on the ice at Salsbury and Triumph tonight at 9:30 PM. There is no safe alternative to the incomplete Powell bike route. Taking side streets got me in hospital.,,Flat,NE,Turning right,1968,M,-123.0681771,49.28345417,495041.7136,5458969.129
Collision with moving object or vehicle,"Vehicle, side",2017-01-06T10:30:00,"Crossing the crosswalk on Main on my bike, got T-Boned by a man in his Honda Civic, running the red light going southbound. ",Busy street bike lane,Flat,E,Heading straight,1986,M,-123.100656,49.27042279,492677.7085,5457523.062
Fall,Other,2017-01-20T07:00:00,"I witnessed cyclist crash after hitting a large pile of loose grit & sand in the road.  It was on Ontario, on the north side of the 10th Ave mini-roundabout.Cyclist suffered serious injuries as a result.",Quiet street bike lane,Downhill,N,Heading straight,1975,M,-123.104922,49.26210555,492366.0884,5456598.853
Collision with stationary object or vehicle,"Vehicle, open door",2017-01-14T17:40:00,"I was doored by someone getting out of a parked car. I was cycling on Commercial Drive because I wanted to do my shopping. I was visiting various shops along the street.",,,,,1988,F,-123.0694592,49.27452576,494947.5592,5457976.637
Collision with moving object or vehicle,"Vehicle, side",2016-05-15T11:30:00,"Was heading west in the Adanac bike route. Was turning left onto the jog at Vernon, slowly pulling into the intersection after stopping at the stop sign. Sight lines are not very good.Collided with a northbound speeding car that was using Vernon as a shortcut through the neighborhood.I realized after the driver left that my wheel was damaged.","Quiet street, no bike facilities",Flat,S,Turning left,1975,M,-123.0792573,49.27753955,494235.199,5458312.383
Collision with moving object or vehicle,Pedestrian,2017-01-03T16:30:00,"struck by pedestrian running from between parked cars on north side of streetroad burn through layers of winter clothingchain jumped off sprockets","Busy street, no bike facilities",Uphill,W,Heading straight,1953,M,-123.1154752,49.2623296,491598.3009,5456624.88
Collision with stationary object or vehicle,"Vehicle, open door",2017-01-11T17:00:00,"driver opened their door right in front of mecrashedbike needed minor work at bike shoproad burn through winter clothing10th Ave two block W of CambieI was hit by pedestrian one block E of here just one week agoI have just been waiting for an incident on 10th between Cambie and Oak","Busy street, no bike facilities",Uphill,W,Heading straight,1953,M,-123.1182486,49.2623401,491396.5165,5456626.36
Collision with moving object or vehicle,"Vehicle, angle",2016-11-08T07:10:00,"Cut off by a right turning vehicle.Hit and run. Resulted in a fractured left arm.",,,,,,,-123.0703325,49.26396935,494882.9419,5456803.135
Collision with moving object or vehicle,"Vehicle, angle",2017-02-21T19:25:00,Struck by an oncoming Toyota Corolla when it attempted to turn left into the alley off Heather between 10th Ave & Broadway. No explanation why driver did not see me.,Quiet street bike lane,Downhill,N,Heading straight,1969,F,-123.1199384,49.26285472,491273.6621,5456683.763
Collision with moving object or vehicle,"Vehicle, side",2012-04-11T16:45:00,Driver passed me so close he hit my handlebars with his sideview mirror. Luckily I have good balance & didn't fall.,"Quiet street, no bike facilities",Flat,E,Heading straight,1975,F,-123.0988972,49.25834911,492803.8966,5456180.658
Collision with moving object or vehicle,"Vehicle, rear end",2017-03-27T18:20:00,"A car pulled over to park in the road, crossing the bike lane and towards the curb.  It turned too quickly and I struck the back of the car.",Busy street bike lane,Downhill,N,Heading straight,,,-123.0337214,49.2555936,497546.1736,5455870.167
Collision with moving object or vehicle,"Vehicle, side",2017-03-31T10:00:00,"From company report:Employee turned off Dunsmuir Street into alleyway before Richards Street. Before turning into the alleyway the employee checked their mirrors, shoulder checked and began to make turn when cyclist ran into side of vehicle. Police and ambulance attended. Cyclist was able to walk.",,Flat,W,Heading straight,,,-123.1139785,49.28207717,491710.5048,5458820.062
Collision with moving object or vehicle,"Vehicle, side",2017-04-02T16:00:00,"I was proceeding through Nanaimo on a green light. Traffic on Nanaimo heading south was backed up, causing some cars to block the intersection for east bound bikes and pedestrians. Those cars blocked my view of the northbound lane. A car went through the red light.",Quiet street bike lane,Flat,E,Heading straight,1964,M,-123.0566114,49.2585696,495880.7747,5456202.004
Collision with moving object or vehicle,"Vehicle, side",2016-11-30T07:20:00,"I was heading west on 10th Ave. and as I approached Main St. I saw that the White walking pedestrian sign on, so I proceeded straight.  As I went into the intersection I sensed/heard a car coming from the left.  The car had just ran the red light and hit me and I flew off of my bike.",Quiet street bike lane,Flat,W,Heading straight,1975,M,-123.1009966,49.26207929,492651.6895,5456595.545
Collision with moving object or vehicle,Another cyclist,2017-03-31T15:15:00,Another cyclist travelling northbound on Watson street crossed in front of me as I was travelling east on 14th Ave. I couldn't stop in time & hit his back wheel. There was a car stopped in the intersection that was partly blocking his view.,"Quiet street, no bike facilities",Flat,E,Heading straight,1975,F,-123.1005469,49.25839453,492683.8662,5456185.865
Collision with moving object or vehicle,"Vehicle, rear end",2017-01-23T07:20:00,"The driver positioned the carÕs bumper close to my rear wheel, holding steady speed for a moment.  After a few moments, I heard the driver accelerate the vehicle into the back wheel of my bike. The driver stopped briefly, then sped away. It was a black SUV.",Quiet street bike lane,Flat,E,Heading straight,1982,M,-123.0436456,49.20676864,496820.8846,5450442.679
Collision with moving object or vehicle,"Vehicle, side",2017-04-24T08:10:00,"Driver failed to yield at roundabout, wet conditions prevented stopping, impacted rear right quarter panel of vehicle. ",Quiet street bike lane,Downhill,S,Heading straight,1995,,-123.0803061,49.22188578,494152.349,5452125.43
Collision with moving object or vehicle,"Vehicle, angle",2017-05-03T07:30:00,Right hooked by a taxi turning radio got across the bike lane.  The taxi did not have a turn signal on.,Busy street bike lane,Flat,E,Heading straight,1969,M,-123.1339878,49.29254627,490257.3217,5459986.307
Collision with moving object or vehicle,Another cyclist,2017-05-09T15:15:00,"I started turning left onto the Ontario bike lane, looked up and saw a cyclist coming fast from the West. I straightened up to let him pass but he thought I was going to turn so he rode into me. He landed on his head, I sprained my ankle.There should be signs/warnings/paint at this intersection!",Cycle track,Flat,SW,Turning left,1980,F,-123.1041992,49.27197687,492420.1942,5457696.178
Collision with moving object or vehicle,"Vehicle, head on",2017-05-25T21:20:00,"I was turning East on to first and crossed the crosswalk. Car was turning to head West and didn't see me about to cross. He hit me from the side but, I did not fall.","Busy street, no bike facilities",Flat,N,Turning left,1991,M,-123.0773288,49.26963523,494374.5708,5457433.51
Fall,"Vehicle, rear end",2016-10-25T08:10:00,"I was heading NW on Valley Drive when a black Mercedes Benz SUV turned out left from the first left driveway right in front of me. When I applied my breaks, my bike skidded out from under me and I landed on my left shoulder. I'm still hurt. My helmet saved my head. The driver quickly left the scene.",Quiet street bike lane,Downhill,NW,Heading straight,1968,M,-123.1502688,49.24312047,489062.558,5454493.849
Collision with moving object or vehicle,"Vehicle, side",2017-05-30T06:30:00,"traveling north on bike path. Driver ran a red light and struck cyclist. Driver ticketed for running red light, witnesses confirmed. Three (3) cyclists had passed green light intersection then driver drove through red light and struck the 4th cyclist.",Busy street bike lane,Flat,N,Heading straight,1966,F,-123.1129244,49.26318554,491784.0317,5456719.755
Collision with moving object or vehicle,"Vehicle, side",2016-06-08T17:05:00,intersection is angled (not 90 degree). Drivers routinely do not stop at right turn stop sign. Visibility for drivers is difficult turning right due to angle of Kingsway. This intersection allows them to avoid a sharper right turn by angling their access from Fraser to Kingsway. $700 damage ,"Busy street, no bike facilities",Flat,E,Turning left,,,-123.0895704,49.25650392,493482.3033,5455974.682
Collision with stationary object or vehicle,Pothole,2017-06-08T09:00:00,,,,,,,,-123.1232321,49.2883337,491038.6361,5459516.661
Collision with stationary object or vehicle,"Vehicle, open door",2015-10-07T16:30:00,"Car2Go Smart Car parked with no lights and unable to see driver b/c of headrest.  Riding past door opened quickly without checking, unable to avoid collision - went over handlebars.  Broken elbow and scaphoid - missed 6 weeks of work and didn't ride for 6 months. ",Quiet street bike lane,Flat,E,Heading straight,1980,M,-123.0972764,49.26201628,492922.3564,5456588.185
Collision with moving object or vehicle,"Vehicle, side",2016-11-24T08:15:00,Silver BMW stopped at the Stop sign and continued driving into me. I did not have a stop sign on 14th Ave. I flew off the bike. I was too shocked to stay and take the details. Continued to work and later noticed bike damage and had whiplash for a week. ,"Quiet street, no bike facilities",Downhill,W,Heading straight,1976,F,-123.1069189,49.25851708,492220.2337,5456200.126
Collision with moving object or vehicle,"Vehicle, head on",2017-07-25T16:15:00,"I was riding east on the Dunsmuir bike lane about to cross the Homer intersection when I noticed a car driving west on Dunsmuir start to turn right (N on Homer) into the bike lane in front of me. I hit my brakes, skidded and landed on the hood of his car.I had a green light.",Busy street cycle track,Downhill,E,Heading straight,1979,F,-123.1134689,49.28170623,491747.5068,5458778.769
Collision with moving object or vehicle,"Vehicle, side",2017-07-31T14:45:00,Driver tried to squeeze around a group of a 4 adults & 4 children on bikesas we were waiting behind another vehicle at the light at 41st. Driver came so close that her car touched the leg of one of the riders.,"Quiet street, no bike facilities",Flat,N,Heading straight,1975,F,-123.0588602,49.23278761,495714.914,5453335.946
Fall,Train Tracks,2017-07-10T07:00:00,Wheel go stuck going over the old tram rails on Granville Island. My bike locked and I ended up going over my handlebars (although I wasn't biking to fast). Got badly beat up - was told by people who stopped to help me that it's very common for people to crash the same way. ,"Quiet street, no bike facilities",Flat,N,Turning left,1988,F,-123.1360075,49.27068881,490106.0909,5457556.661
Collision with moving object or vehicle,Another cyclist,2017-08-03T22:20:00,This was a serious bike to bike collision on the bike path at Sunset Beach on a warm day with many experienced cyclists in our group.  One of our group encountered another cyclist not in our group who crashed into her.  Our cyclist suffered a broken ankle while the other cyclist had back injuries.  A firetruck attended first and then two ambulances took away the two cyclists involved in the collision.,Cycle track,Flat,W,Heading straight,,,-123.1392559,49.28029771,489871.7502,5458625.318
Collision with stationary object or vehicle,Other,2017-08-09T13:00:00,City of Vancouver created a dangerous intersection by placing concrete structures that allow cyclists to cross this intersection while cycling in southward direction. Cyclists crossing the 16 Avenue in northward direction have no way to complete the crossing because of the concrete structure,,,,,1960,F,-123.1243667,49.25709913,490950.4187,5456044.433
Fall,Train Tracks,2017-05-17T17:30:00,,Busy street bike lane,Flat,W,Turning right,,,-123.0807889,49.20885041,494115.6459,5450676.333
Fall,Train Tracks,2017-03-15T18:00:00,,,,,,,,-123.0807942,49.2088434,494115.2544,5450675.554
Collision with moving object or vehicle,"Vehicle, side",2017-09-14T15:00:00,The car turned right without looking and used no indicator. Hit and run - I yelled but they did not stop,Busy street bike lane,Flat,N,Heading straight,1952,M,-123.1067955,49.28292752,492233.0445,5458913.832
Fall,"Vehicle, head on",2017-09-15T17:50:00,"I witnessed this. I saw an e-bike rider brushing off after a crash. The rider said someone driving a car-2-go ran the stop sign and he bailed out to the right hitting the curb, and skinning his elbow. The driver didn't stop to help out.",Quiet street bike lane,Flat,S,Turning right,1982,M,-123.0737293,49.25870264,494635.2399,5456217.868
Collision with moving object or vehicle,"Vehicle, angle",2017-09-22T15:30:00,"Vehicle turned right, across my path and I hit the side rear of the vehicle.",Busy street bike lane,Downhill,E,Heading straight,1987,M,-123.1076002,49.28106496,492174.2288,5458706.854
Collision with moving object or vehicle,"Vehicle, angle",2016-12-01T07:20:00,"A  car stopped in the middle of the road with hazard light on. I slowed down and stopped behind him, but it looked like he was not going to move. I decided to pass him on the left, since there were no cars coming the other way. As I was passing him, he quickly made a U-Turn and hit me from the side.",Quiet street bike lane,Downhill,N,Heading straight,1994,F,-123.104682,49.26876365,492384.5793,5457339.013
Collision with moving object or vehicle,Pedestrian,2017-08-16T15:55:00,Pedestrians cross every which way at the hospital! You always have to watch for them so you can avoid hitting them. They do not use the crosswalks. Will cross anywhere. ,"Busy street, no bike facilities",Flat,E,Heading straight,1994,F,-123.1219018,49.26238911,491130.7296,5456632.231
Collision with moving object or vehicle,"Vehicle, side",2017-10-06T11:45:00,"A pickup truck traveling SW on Burrard (like me) turned right in front of me onto the alleyway between Pacific and Harwood. I yelled and braked but couldn't stop in time and hit the rear side of the vehicle. The driver didn't stop. I hurt my knee, went to the hospital and am now using crutches. ",Busy street cycle track,Downhill,SW,Heading straight,1992,F,-123.1319037,49.27735275,490405.9141,5458296.967
Collision with moving object or vehicle,"Vehicle, side",2016-10-04T16:00:00,"Cycling NW following vehicle heading in the same direction.   Vehicle signal and turned right across the marked cycling path and stopped.  As I was passing the vehicle on the  left side, the driver changed their mind and turned left back towards the street  and I struck the side of the vehicle.",Quiet street bike lane,Flat,NW,Heading straight,,M,-123.0692071,49.26355137,494964.7822,5456756.592
Fall,Pedestrian,2017-11-16T16:30:00,"Pedestrian standing at the bus stop between Burrard St and the bike lane suddenly stepped into the bike lane without looking.  I was 3 m away and had to swerve to avoid her, skidding and falling off my bike in the process.  It's a tight area with little space between the bus stop and bike lane.",Cycle track,Downhill,SW,Heading straight,1984,M,-123.131209,49.27773772,490456.5172,5458339.676
Collision with moving object or vehicle,"Vehicle, side",2017-12-09T09:35:00,I had already entered a roundabout and was about to exit straight through when and an oncoming vehicle to my right neither stopped or slowed down and struck me.,"Busy street, no bike facilities",Flat,N,Heading straight,1964,M,-123.12953,49.28633926,490580.2822,5459295.703
Collision with moving object or vehicle,"Vehicle, side",2017-07-04T07:35:00,,,,,,,,-123.1355435,49.29377076,490144.4479,5460122.637
Collision with moving object or vehicle,"Vehicle, side",2017-11-03T19:05:00,I was travelling in a designated bike lane. Traffic was stopped. A car signaled and then turned suddenly into the alleyway blocking my path of travel. I struck and somersaulted over the vehicle landing on the pathway on the other side. Taken to hospital by ambulance.,Busy street cycle track,Downhill,S,Heading straight,1962,M,-123.1206465,49.27766773,491224.7705,5458330.614
Collision with moving object or vehicle,"Vehicle, angle",2017-11-30T06:50:00,Driver turned right on a red light from Granville St onto Drake St as I was crossing the front of his vehicle through the intersection. I was on a green light continuing on Drake.,"Quiet street, no bike facilities",Downhill,SE,Heading straight,1991,F,-123.1278563,49.27617683,490700.0866,5458165.732
Fall,Roadway,2018-01-24T17:50:00,"The front wheel of my bike hit the edge of the paved road while I was leaving the parking lane which was unpaved. I fell. Here's the link for the video of the incident:https://youtu.be/WaIVEzePi8g",Quiet street bike lane,Uphill,W,Heading straight,1989,M,-123.1325984,49.21081295,490342.4175,5450899.829
Collision with moving object or vehicle,"Vehicle, side",2018-01-31T17:15:00,"A van was attempting to cross Southwest Marine Drive from South to North, saw a gap in traffic and accelerated through it, apparently oblivious to my approach in the bike lane.   This resulted in me colliding with the side of the van as I attempted to brake and turn towards its direction of travel.",Busy street bike lane,Flat,SE,Heading straight,1991,M,-123.193903,49.23368473,485883.92,5453452.109
Fall,Train Tracks,2018-02-03T08:10:00,,"Quiet street, no bike facilities",,N,Turning left,1963,M,-123.1362945,49.2705698,490085.1894,5457543.469
Collision with moving object or vehicle,"Vehicle, side",2018-02-07T17:10:00,,"Busy street, no bike facilities",Downhill,N,Heading straight,,F,-123.1432897,49.26314878,489574.7567,5456719.413
Collision with moving object or vehicle,"Vehicle, angle",2018-02-27T16:30:00,car turns right accross lane without looking,Busy street bike lane,Flat,SE,Heading straight,,,-123.133792,49.29261624,490271.5728,5459994.061